chapter_id,period_label,header,title,line_start,line_end,char_count_non_ws,sentence_count,mean_sentence_len,dialogue_char_ratio
1,0,第1章 甄士隐梦幻识通灵 贾雨村风尘怀闺秀,甄士隐梦幻识通灵 贾雨村风尘怀闺秀,1,67,6734,266,24.4511,0.355212
2,0,第2章 贾夫人仙逝扬州城 冷子兴演说荣国府,贾夫人仙逝扬州城 冷子兴演说荣国府,68,89,5667,200,27.545,0.589554
3,0,第3章 托内兄如海荐西宾 接外孙贾母惜孤女,托内兄如海荐西宾 接外孙贾母惜孤女,90,118,7879,300,25.39,0.32466
4,0,第4章 薄命女偏逢簿命郎 葫芦僧判断葫芦案,薄命女偏逢簿命郎 葫芦僧判断葫芦案,119,135,5360,180,28.8944,0.498694
5,0,第5章 贾宝玉神游太虚境 警幻仙曲演红楼梦,贾宝玉神游太虚境 警幻仙曲演红楼梦,136,231,7278,302,23.6424,0.267793
6,0,第6章 贾宝玉初试云雨情 刘老老一进荣国府,贾宝玉初试云雨情 刘老老一进荣国府,232,252,6990,277,24.3069,0.463233
7,0,第7章 送宫花贾琏戏熙凤 宴宁府宝玉会秦钟,送宫花贾琏戏熙凤 宴宁府宝玉会秦钟,253,273,7005,284,23.7394,0.550607
8,0,第8章 贾宝玉奇缘识金锁 薛宝钗巧合认通灵,贾宝玉奇缘识金锁 薛宝钗巧合认通灵,274,298,6264,270,22.2889,0.387292
9,0,第9章 训劣子李贵承申饬 嗔顽童茗烟闹书房,训劣子李贵承申饬 嗔顽童茗烟闹书房,299,316,5415,199,26.2915,0.359926
10,0,第10章 金寡妇贪利权受辱 张太医论病细穷源,金寡妇贪利权受辱 张太医论病细穷源,317,334,4813,173,27.1676,0.726574
11,0,第11章 庆寿辰宁府排家宴 见熙凤贾瑞起淫心,庆寿辰宁府排家宴 见熙凤贾瑞起淫心,335,358,5547,219,24.5297,0.553813
12,0,第12章 王熙凤毒设相思局 贾天祥正照风月鉴,王熙凤毒设相思局 贾天祥正照风月鉴,359,372,4148,182,21.8736,0.309788
13,0,第13章 秦可卿死封龙禁尉 王熙凤协理宁国府,秦可卿死封龙禁尉 王熙凤协理宁国府,373,391,4866,188,24.9628,0.431155
14,0,第14章 林如海灵返苏州郡 贾宝玉路遏北静王,林如海灵返苏州郡 贾宝玉路遏北静王,392,412,5083,180,27.2778,0.317529
15,0,第15章 王凤姐弄权铁槛寺 秦鲸卿得趣馒头庵,王凤姐弄权铁槛寺 秦鲸卿得趣馒头庵,413,428,4742,195,23.3744,0.337832
16,0,第16章 贾元春才选凤藻宫 秦鲸卿夭逝黄泉路,贾元春才选凤藻宫 秦鲸卿夭逝黄泉路,429,451,7132,286,24.021,0.533932
17,0,第17章 大观园试才题对额 荣国府归省庆元宵,大观园试才题对额 荣国府归省庆元宵,452,482,8942,386,22.2876,0.475621
18,0,第18章 皇恩重元妃省父母 天伦乐宝玉呈才藻,皇恩重元妃省父母 天伦乐宝玉呈才藻,483,565,5972,237,24.73,0.224715
19,0,第19章 情切切良宵花解语 意绵绵静日玉生香,情切切良宵花解语 意绵绵静日玉生香,566,592,9042,383,22.6997,0.515926
20,0,第20章 王熙凤正言弹妒意 林黛玉俏语谑娇音,王熙凤正言弹妒意 林黛玉俏语谑娇音,593,609,5137,231,21.3074,0.529687
21,0,第21章 贤袭人娇嗔箴宝玉 俏平儿软语救贾琏,贤袭人娇嗔箴宝玉 俏平儿软语救贾琏,610,633,5898,259,21.888,0.349949
22,0,第22章 听曲文宝玉悟禅机 制灯迷贾政悲谶语,听曲文宝玉悟禅机 制灯迷贾政悲谶语,634,686,6678,298,21.651,0.412998
23,0,第23章 西厢记妙词通戏语 牡丹亭艳曲警芳心,西厢记妙词通戏语 牡丹亭艳曲警芳心,687,723,5248,194,26.1753,0.315549
24,0,第24章 醉金刚轻财尚义侠 痴女儿遗帕惹相思,醉金刚轻财尚义侠 痴女儿遗帕惹相思,724,742,7703,302,24.5364,0.472803
25,0,第25章 魇魔法叔嫂逢五鬼 通灵玉蒙蔽遇双真,魇魔法叔嫂逢五鬼 通灵玉蒙蔽遇双真,743,776,6606,275,23.1527,0.382228
26,0,第26章 蜂腰桥设言传心事 潇湘馆春困发幽情,蜂腰桥设言传心事 潇湘馆春困发幽情,777,804,7214,299,23.2475,0.439839
27,0,第27章 滴翠亭杨妃戏彩蝶 埋香冢飞燕泣残红,滴翠亭杨妃戏彩蝶 埋香冢飞燕泣残红,805,848,6383,270,22.7296,0.536582
28,0,第28章 蒋玉函情赠茜香罗 薛宝钗羞笼红麝串,蒋玉函情赠茜香罗 薛宝钗羞笼红麝串,849,888,9385,420,21.481,0.514544
29,0,第29章 享福人福深还祷福 多情女情重愈斟情,享福人福深还祷福 多情女情重愈斟情,889,912,8506,323,25.3994,0.434047
30,0,第30章 宝钗借扇机带双敲 椿龄画蔷痴及局外,宝钗借扇机带双敲 椿龄画蔷痴及局外,913,931,5741,224,24.7143,0.375022
31,0,第31章 撕扇子作千金一笑 因麒麟伏白首双星,撕扇子作千金一笑 因麒麟伏白首双星,932,953,7179,323,21.3096,0.571946
32,0,第32章 诉肺腑心迷活宝玉 含耻辱情烈死金钏,诉肺腑心迷活宝玉 含耻辱情烈死金钏,954,972,5747,229,24.2402,0.619454
33,0,第33章 手足眈眈小动唇舌 不肖种种大承苔挞,手足眈眈小动唇舌 不肖种种大承苔挞,973,989,4884,190,24.7684,0.484234
34,0,第34章 情中情因情感妹妹 错里错以错劝哥哥,情中情因情感妹妹 错里错以错劝哥哥,990,1022,7108,272,25.3088,0.546989
35,0,第35章 白玉钏亲尝莲叶羹 黄金莺巧结梅花络,白玉钏亲尝莲叶羹 黄金莺巧结梅花络,1023,1047,7835,327,23.0092,0.44097
36,0,第36章 绣鸳鸯梦兆绛芸轩 识分定情悟梨香院,绣鸳鸯梦兆绛芸轩 识分定情悟梨香院,1048,1068,6726,252,25.754,0.522599
37,0,第37章 秋爽斋偶结海棠社 蘅芜院夜拟菊花题,秋爽斋偶结海棠社 蘅芜院夜拟菊花题,1069,1131,9202,394,22.5381,0.588785
38,0,第38章 林潇湘魁夺菊花诗 薛蘅芜讽和螃蟹咏,林潇湘魁夺菊花诗 薛蘅芜讽和螃蟹咏,1132,1235,5530,244,22.1066,0.381736
39,0,第39章 村老老是信口开河 情哥哥偏寻根究底,村老老是信口开河 情哥哥偏寻根究底,1236,1249,6442,266,23.2782,0.646538
40,0,第40章 史太君两宴大观园 金鸳鸯三宣牙牌令,史太君两宴大观园 金鸳鸯三宣牙牌令,1250,1281,9345,411,21.837,0.468807
41,0,第41章 贾宝玉品茶栊翠庵 刘老老醉卧怡红院,贾宝玉品茶栊翠庵 刘老老醉卧怡红院,1282,1298,6558,272,23.1544,0.381061
42,0,第42章 蘅芜君兰言解疑癖 潇湘子雅谑补馀音,蘅芜君兰言解疑癖 潇湘子雅谑补馀音,1299,1316,7545,280,26.0321,0.663883
43,0,第43章 闲取乐偶攒金庆寿 不了情暂撮土为香,闲取乐偶攒金庆寿 不了情暂撮土为香,1317,1338,6819,281,23.3523,0.55492
44,0,第44章 变生不测凤姐泼醋 喜出望外平儿理妆,变生不测凤姐泼醋 喜出望外平儿理妆,1339,1359,6566,261,24.2644,0.43908
45,0,第45章 金兰契互剖金兰语 风雨夕闷制风雨词,金兰契互剖金兰语 风雨夕闷制风雨词,1360,1390,7688,315,23.5016,0.680671
46,0,第46章 尴尬人难免尴尬事 鸳鸯女誓绝鸳鸯偶,尴尬人难免尴尬事 鸳鸯女誓绝鸳鸯偶,1391,1415,8160,325,24.2123,0.652819
47,0,第47章 呆霸王调情遭苦打 冷郎君惧祸走他乡,呆霸王调情遭苦打 冷郎君惧祸走他乡,1416,1432,7272,310,22.5194,0.522552
48,0,第48章 滥情人情误思游艺 慕雅女雅集苦吟诗,滥情人情误思游艺 慕雅女雅集苦吟诗,1433,1460,6570,263,24.0494,0.602892
49,0,第49章 琉璃世界白雪红梅 脂粉香娃割腥啖膻,琉璃世界白雪红梅 脂粉香娃割腥啖膻,1461,1487,7229,272,25.6912,0.438097
50,0,第50章 芦雪庭争联即景诗 暖香坞雅制春灯谜,芦雪庭争联即景诗 暖香坞雅制春灯谜,1488,1630,6882,312,22.0513,0.434612
51,0,第51章 薛小妹新编怀古诗 胡庸医乱用虎狼药,薛小妹新编怀古诗 胡庸医乱用虎狼药,1631,1680,6785,276,23.7645,0.548121
52,0,第52章 俏平儿情掩虾须镯 勇晴雯病补孔雀裘,俏平儿情掩虾须镯 勇晴雯病补孔雀裘,1681,1706,8193,334,23.6228,0.560967
53,0,第53章 宁国府除夕祭宗祠 荣国府元宵开夜宴,宁国府除夕祭宗祠 荣国府元宵开夜宴,1707,1741,7496,270,26.8741,0.288687
54,0,第54章 史太君破陈腐旧套 王熙凤效戏彩斑衣,史太君破陈腐旧套 王熙凤效戏彩斑衣,1742,1765,8584,349,23.6648,0.5339
55,0,第55章 辱亲女愚妾争闲气 欺幼主刁奴蓄险心,辱亲女愚妾争闲气 欺幼主刁奴蓄险心,1766,1785,8071,321,24.215,0.606988
56,0,第56章 敏探春兴利除宿弊 贤宝钗小惠全大体,敏探春兴利除宿弊 贤宝钗小惠全大体,1786,1803,8547,315,26.254,0.74026
57,0,第57章 慧紫鹃情辞试莽玉 慈姨妈爱语慰痴颦,慧紫鹃情辞试莽玉 慈姨妈爱语慰痴颦,1804,1831,10667,458,22.3624,0.555733
58,0,第58章 杏子阴假凤泣虚凰 茜纱窗真情揆痴理,杏子阴假凤泣虚凰 茜纱窗真情揆痴理,1832,1852,6369,244,25.1926,0.417491
59,0,第59章 柳叶渚边嗔莺叱燕 绛芸轩里召将飞符,柳叶渚边嗔莺叱燕 绛芸轩里召将飞符,1853,1867,4653,182,24.6484,0.502042
60,0,第60章 茉莉粉替去蔷薇硝 玫瑰露引出茯苓霜,茉莉粉替去蔷薇硝 玫瑰露引出茯苓霜,1868,1890,7463,313,22.9265,0.514538
61,0,第61章 投鼠忌器宝王瞒赃 判冤决狱平儿行权,投鼠忌器宝王瞒赃 判冤决狱平儿行权,1891,1902,6402,252,24.4841,0.672446
62,0,第62章 憨湘云醉眠芍药裀 呆香菱情解石榴裙,憨湘云醉眠芍药裀 呆香菱情解石榴裙,1903,1942,11864,512,22.2539,0.449258
63,0,第63章 寿怡红群芳开夜宴 死金丹独艳理亲丧,寿怡红群芳开夜宴 死金丹独艳理亲丧,1943,1986,9854,424,22.3396,0.451187
64,0,第64章 幽淑女悲题五美吟 浪荡子情遗九龙佩,幽淑女悲题五美吟 浪荡子情遗九龙佩,1987,2028,9697,359,26.1421,0.438796
65,0,第65章 贾二舍偷娶尤二姨 尤三姐思嫁柳二郎,贾二舍偷娶尤二姨 尤三姐思嫁柳二郎,2029,2050,7003,281,24.0178,0.496787
66,0,第66章 情小妹耻情归地府 冷二郎一冷入空门,情小妹耻情归地府 冷二郎一冷入空门,2051,2065,5175,230,21.5652,0.548792
67,0,第67章 见土仪颦卿思故里 闻秘事凤姐讯家童,见土仪颦卿思故里 闻秘事凤姐讯家童,2066,2091,9328,397,22.5668,0.560892
68,0,第68章 苦尤娘赚入大观园 酸凤姐大闹宁国府,苦尤娘赚入大观园 酸凤姐大闹宁国府,2092,2110,8042,308,25.1623,0.595872
69,0,第69章 弄小巧用借剑杀人 觉大限吞生金自逝,弄小巧用借剑杀人 觉大限吞生金自逝,2111,2130,6259,260,23.0923,0.392235
70,0,第70章 林黛玉重建桃花社 史湘云偶填柳絮词,林黛玉重建桃花社 史湘云偶填柳絮词,2131,2184,5679,268,20.3582,0.319599
71,0,第71章 嫌隙人有心生嫌隙 鸳鸯女无意遇鸳鸯,嫌隙人有心生嫌隙 鸳鸯女无意遇鸳鸯,2185,2211,8402,341,23.695,0.378838
72,0,第72章 王熙凤恃强羞说病 来旺妇倚势霸成亲,王熙凤恃强羞说病 来旺妇倚势霸成亲,2212,2228,7118,297,23.037,0.637258
73,0,第73章 痴丫头误拾绣春囊 懦小姐不问累金凤,痴丫头误拾绣春囊 懦小姐不问累金凤,2229,2244,6833,275,23.9164,0.511196
74,0,第74章 惑奸谗抄检大观园 避嫌隙杜绝宁国府,惑奸谗抄检大观园 避嫌隙杜绝宁国府,2245,2268,10767,423,24.5579,0.570447
75,0,第75章 开夜宴异兆发悲音 赏中秋新词得佳谶,开夜宴异兆发悲音 赏中秋新词得佳谶,2269,2294,8511,383,21.2611,0.426389
76,0,第76章 凸碧堂品笛感凄清 凹晶馆联诗悲寂寞,凸碧堂品笛感凄清 凹晶馆联诗悲寂寞,2295,2368,6770,329,20.0456,0.535451
77,0,第77章 俏丫鬟抱屈夭风流 美优怜斩情归水月,俏丫鬟抱屈夭风流 美优怜斩情归水月,2369,2398,10198,415,23.6578,0.469896
78,0,第78章 老学士闲征姽婳词 痴公子杜撰芙蓉诔,老学士闲征姽婳词 痴公子杜撰芙蓉诔,2399,2462,9051,404,21.5965,0.496851
79,0,第79章 薛文起悔娶河东吼 贾迎春误嫁中山狼,薛文起悔娶河东吼 贾迎春误嫁中山狼,2463,2479,4660,187,23.9893,0.43176
80,0,第80章 美香菱屈受贪夫棒 王道士胡诌妒妇方,美香菱屈受贪夫棒 王道士胡诌妒妇方,2480,2494,6408,272,22.5993,0.45412
81,1,第81章 占旺相四美钓游鱼 奉严词两番入家塾,占旺相四美钓游鱼 奉严词两番入家塾,2495,2512,6842,299,21.9532,0.586963
82,1,第82章 老学究讲义警顽心 病潇湘痴魂惊恶梦,老学究讲义警顽心 病潇湘痴魂惊恶梦,2513,2535,8453,392,20.6046,0.512362
83,1,第83章 省宫闱贾元妃染恙 闹闺阃薛宝钗吞声,省宫闱贾元妃染恙 闹闺阃薛宝钗吞声,2536,2558,8132,355,21.9408,0.496926
84,1,第84章 试文字宝玉始提亲 探惊风贾环重结怨,试文字宝玉始提亲 探惊风贾环重结怨,2559,2579,7725,343,21.6006,0.577346
85,1,第85章 贾存周报升郎中任 薛文起复惹放流刑,贾存周报升郎中任 薛文起复惹放流刑,2580,2606,8026,377,20.3528,0.425368
86,1,第86章 受私贿老官翻案牍 寄闲情淑女解琴书,受私贿老官翻案牍 寄闲情淑女解琴书,2607,2631,6802,281,23.3345,0.56601
87,1,第87章 感秋声抚琴悲往事 坐禅寂走火入邪魔,感秋声抚琴悲往事 坐禅寂走火入邪魔,2632,2664,6620,299,21.2508,0.371752
88,1,第88章 博庭欢宝玉赞孤儿 正家法贾珍鞭悍仆,博庭欢宝玉赞孤儿 正家法贾珍鞭悍仆,2665,2685,6716,305,21.0787,0.582192
89,1,第89章 人亡物在公子填词 蛇影杯弓颦卿绝粒,人亡物在公子填词 蛇影杯弓颦卿绝粒,2686,2709,6058,288,20.1215,0.410862
90,1,第90章 失绵衣贫女耐嗷嘈 送果品小郎惊叵测,失绵衣贫女耐嗷嘈 送果品小郎惊叵测,2710,2730,6202,260,22.9346,0.516769
91,1,第91章 纵淫心宝蟾工设计 步疑阵宝玉妄谈禅,纵淫心宝蟾工设计 步疑阵宝玉妄谈禅,2731,2749,5359,238,21.5924,0.406046
92,1,第92章 评女传巧姐慕贤良 玩母珠贾政参聚散,评女传巧姐慕贤良 玩母珠贾政参聚散,2750,2769,7224,333,20.8198,0.618771
93,1,第93章 甄家仆投靠贾家门 水月庵掀翻风月案,甄家仆投靠贾家门 水月庵掀翻风月案,2770,2792,6529,294,21.2687,0.502068
94,1,第94章 宴海棠贾母赏花妖 失宝玉通灵知奇祸,宴海棠贾母赏花妖 失宝玉通灵知奇祸,2793,2826,8262,350,22.7114,0.558581
95,1,第95章 因讹成实元妃薨逝 以假混真宝玉疯癫,因讹成实元妃薨逝 以假混真宝玉疯癫,2827,2849,6616,282,22.5035,0.368198
96,1,第96章 瞒消息凤姐设奇谋 泄机关颦儿迷本性,瞒消息凤姐设奇谋 泄机关颦儿迷本性,2850,2870,6775,260,25.1654,0.478819
97,1,第97章 林黛玉焚稿断痴情 薛宝钗出闺成大礼,林黛玉焚稿断痴情 薛宝钗出闺成大礼,2871,2896,9907,411,23.1606,0.381548
98,1,第98章 苦绛珠魂归离恨天 病神瑛泪洒相思地,苦绛珠魂归离恨天 病神瑛泪洒相思地,2897,2916,5903,234,24.2778,0.362697
99,1,第99章 守官箴恶奴同破例 阅邸报老舅自担惊,守官箴恶奴同破例 阅邸报老舅自担惊,2917,2934,5988,239,24.159,0.539078
100,1,第100章 破好事香菱结深恨 悲远嫁宝玉感离情,破好事香菱结深恨 悲远嫁宝玉感离情,2935,2949,5624,223,24.2735,0.554054
101,1,第101章 大观园月夜警幽魂 散花寺神签惊异兆,大观园月夜警幽魂 散花寺神签惊异兆,2950,2971,7995,321,23.9533,0.545341
102,1,第102章 宁国府骨肉病灾襟 大观园符水驱妖孽,宁国府骨肉病灾襟 大观园符水驱妖孽,2972,2986,4953,189,25.2698,0.478296
103,1,第103章 施毒计金桂自焚身 昧真禅雨村空遇旧,施毒计金桂自焚身 昧真禅雨村空遇旧,2987,3000,6919,287,23.1916,0.605001
104,1,第104章 醉金刚小鳅生大浪 痴公子馀痛触前情,醉金刚小鳅生大浪 痴公子馀痛触前情,3001,3017,6234,269,22.223,0.576035
105,1,第105章 锦农军查抄宁国府 骢马使弹劾平安州,锦农军查抄宁国府 骢马使弹劾平安州,3018,3032,5395,280,18.325,0.458202
106,1,第106章 王熙凤致祸抱羞惭 贾太君祷天消祸患,王熙凤致祸抱羞惭 贾太君祷天消祸患,3033,3048,5771,215,25.8977,0.575637
107,1,第107章 散馀资贾母明大义 复世职政老沐天恩,散馀资贾母明大义 复世职政老沐天恩,3049,3068,6299,233,26.1245,0.542467
108,1,第108章 强欢笑蘅芜庆生辰 死缠绵潇湘闻鬼哭,强欢笑蘅芜庆生辰 死缠绵潇湘闻鬼哭,3069,3088,7071,318,21.3019,0.513506
109,1,第109章 候芳魂五儿承错爱 还孽债迎女返真元,候芳魂五儿承错爱 还孽债迎女返真元,3089,3111,9147,378,23.246,0.457964
110,1,第110章 史太君寿终归地府 王凤姐力诎失人心,史太君寿终归地府 王凤姐力诎失人心,3112,3129,6769,267,24.4082,0.565815
111,1,第111章 鸳鸯女殉主登太虚 狗彘奴欺天招伙盗,鸳鸯女殉主登太虚 狗彘奴欺天招伙盗,3130,3150,7390,296,24,0.398917
112,1,第112章 活冤孽妙姑遭大劫 死雠仇赵妾赴冥曹,活冤孽妙姑遭大劫 死雠仇赵妾赴冥曹,3151,3171,7044,318,21.2013,0.440091
113,1,第113章 忏宿冤凤姐托村妪 释旧憾情婢感痴郎,忏宿冤凤姐托村妪 释旧憾情婢感痴郎,3172,3191,6987,315,21.2286,0.506083
114,1,第114章 王熙凤历幻返金陵 甄应嘉蒙恩还玉阙,王熙凤历幻返金陵 甄应嘉蒙恩还玉阙,3192,3204,4991,220,21.7545,0.647165
115,1,第115章 惑偏私惜春矢素志 证同类宝玉失相知,惑偏私惜春矢素志 证同类宝玉失相知,3205,3227,6967,291,23.0034,0.478685
116,1,第116章 得通灵幻境悟仙缘 送慈柩故乡全孝道,得通灵幻境悟仙缘 送慈柩故乡全孝道,3228,3253,6884,287,23.108,0.441749
117,1,第117章 阻超凡佳人双护玉 欣聚党恶子独承家,阻超凡佳人双护玉 欣聚党恶子独承家,3254,3274,7713,334,22.1557,0.568391
118,1,第118章 记微嫌舅兄欺弱女 惊谜语妻妾谏痴人,记微嫌舅兄欺弱女 惊谜语妻妾谏痴人,3275,3297,7598,311,23.5113,0.499474
119,1,第119章 中乡魁宝玉却尘缘 沐皇恩贾家延世泽,中乡魁宝玉却尘缘 沐皇恩贾家延世泽,3298,3333,9612,403,22.928,0.426342
120,1,第120章 甄士隐详说太虚情 贾雨村归结红楼梦,甄士隐详说太虚情 贾雨村归结红楼梦,3334,3366,7791,320,23.4406,0.467719
